MA1,MA1,255,246,212,surf00049
MA2,MA2,246,249,229,surf00049
MA3,MA3,255,251,170,surf00049
MA4,MA4,255,223,88,surf00049
MA5,MA5,254,207,77,surf00049
MA6,MA6,255,168,12,surf00049
MA7,MA7,255,136,55,surf00049
MA8,MA8,234,196,49,surf00049
MA9,MA9,241,170,143,surf00049
MA10,MA10,255,143,66,surf00049
MA11,MA11,255,225,161,surf00049
MA12,MA12,244,179,156,surf00049
MA13,MA13,255,177,0,surf00049
MA14,MA14,255,101,16,surf00049
MA15,MA15,218,240,92,surf00049
MA16,MA16,249,251,190,surf00049
MA17,MA17,255,217,118,surf00049
MA18,MA18,255,202,154,surf00049
MA19,MA19,236,122,146,surf00049
MA20,MA20,229,190,85,surf00049
MA21,MA21,255,229,150,surf00049
MA22,MA22,247,232,152,surf00049
MA23,MA23,240,203,177,surf00049
MA24,MA24,245,252,209,surf00049
MA25,MA25,246,212,135,surf00049
MA26,MA26,255,203,75,surf00049
MB1,MB1,210,227,24,surf00049
MB2,MB2,121,205,65,surf00049
MB3,MB3,130,215,161,surf00049
MB4,MB4,101,223,79,surf00049
MB5,MB5,95,200,115,surf00049
MB6,MB6,73,209,174,surf00049
MB7,MB7,0,150,150,surf00049
MB8,MB8,8,119,79,surf00049
MB9,MB9,24,56,35,surf00049
MB10,MB10,131,207,195,surf00049
MB11,MB11,90,106,39,surf00049
MB12,MB12,4,95,69,surf00049
MB13,MB13,226,255,179,surf00049
MB14,MB14,157,209,46,surf00049
MB15,MB15,37,75,60,surf00049
MB16,MB16,208,252,173,surf00049
MB17,MB17,140,161,42,surf00049
MB18,MB18,210,217,88,surf00049
MB19,MB19,73,188,169,surf00049
MB20,MB20,232,253,236,surf00049
MB21,MB21,24,139,129,surf00049
MB22,MB22,12,92,91,surf00049
MB23,MB23,61,70,27,surf00049
MB24,MB24,234,252,182,surf00049
MB25,MB25,83,135,113,surf00049
MB26,MB26,138,122,64,surf00049
MB27,MB27,210,222,182,surf00049
MB28,MB28,159,244,194,surf00049
MB29,MB29,187,215,71,surf00049
MB30,MB30,245,255,230,surf00049
MB31,MB31,191,225,194,surf00049
MB32,MB32,159,186,92,surf00049
MC1,MC1,213,227,222,surf00049
MC2,MC2,187,241,244,surf00049
MC3,MC3,115,192,223,surf00049
MC4,MC4,51,179,225,surf00049
MC5,MC5,0,163,202,surf00049
MC6,MC6,88,160,217,surf00049
MC7,MC7,5,136,204,surf00049
MC8,MC8,0,95,158,surf00049
MC9,MC9,8,111,185,surf00049
MC10,MC10,82,180,224,surf00049
MC11,MC11,0,169,185,surf00049
MC12,MC12,28,55,90,surf00049
MC13,MC13,206,224,240,surf00049
MC14,MC14,235,245,244,surf00049
MC15,MC15,0,170,173,surf00049
MC16,MC16,0,76,125,surf00049
MC17,MC17,91,212,246,surf00049
MC18,MC18,54,81,92,surf00049
MC19,MC19,15,144,157,surf00049
MC20,MC20,0,132,183,surf00049
MC21,MC21,221,236,250,surf00049
MC22,MC22,132,186,194,surf00049
MC23,MC23,203,219,219,surf00049
MC24,MC24,136,189,226,surf00049
MC25,MC25,179,236,224,surf00049
MC26,MC26,62,158,191,surf00049
MC27,MC27,233,240,243,surf00049
MC28,MC28,194,205,227,surf00049
MC29,MC29,88,107,143,surf00049
MD1,MD1,114,146,226,surf00049
MD2,MD2,110,140,204,surf00049
MD3,MD3,19,65,154,surf00049
MD4,MD4,30,49,117,surf00049
MD5,MD5,184,80,178,surf00049
MD6,MD6,173,146,233,surf00049
MD7,MD7,95,45,145,surf00049
MD8,MD8,215,205,241,surf00049
MD9,MD9,189,178,230,surf00049
MD10,MD10,37,27,88,surf00049
MD11,MD11,162,187,231,surf00049
MD12,MD12,207,139,190,surf00049
MD13,MD13,184,0,150,surf00049
MD14,MD14,161,55,167,surf00049
MD15,MD15,74,56,138,surf00049
MD16,MD16,220,232,246,surf00049
MD17,MD17,174,206,240,surf00049
MD18,MD18,179,142,219,surf00049
MD19,MD19,232,210,234,surf00049
MD20,MD20,180,96,195,surf00049
MD21,MD21,132,42,148,surf00049
MD22,MD22,75,94,158,surf00049
MD23,MD23,214,210,226,surf00049
MD24,MD24,119,118,209,surf00049
MD25,MD25,56,55,168,surf00049
MD26,MD26,221,200,221,surf00049
ME1,ME1,253,214,201,surf00049
ME2,ME2,255,216,244,surf00049
ME3,ME3,255,160,195,surf00049
ME4,ME4,246,122,171,surf00049
ME5,ME5,218,91,149,surf00049
ME6,ME6,255,75,120,surf00049
ME7,ME7,158,21,107,surf00049
ME8,ME8,255,225,230,surf00049
ME9,ME9,243,120,202,surf00049
ME10,ME10,190,49,109,surf00049
ME11,ME11,255,232,218,surf00049
ME12,ME12,255,165,198,surf00049
ME13,ME13,181,56,131,surf00049
ME14,ME14,255,221,199,surf00049
ME15,ME15,229,198,208,surf00049
ME16,ME16,249,242,235,surf00049
ME17,ME17,231,220,230,surf00049
ME18,ME18,255,211,230,surf00049
ME19,ME19,255,213,236,surf00049
ME20,ME20,243,220,232,surf00049
ME21,ME21,189,156,163,surf00049
ME22,ME22,197,120,165,surf00049
ME23,ME23,163,122,155,surf00049
ME24,ME24,244,232,255,surf00049
MF1,MF1,255,127,103,surf00049
MF2,MF2,255,93,70,surf00049
MF3,MF3,227,86,74,surf00049
MF4,MF4,199,39,13,surf00049
MF5,MF5,190,10,39,surf00049
MF6,MF6,131,65,30,surf00049
MF7,MF7,115,0,55,surf00049
MF8,MF8,171,0,34,surf00049
MF9,MF9,222,121,149,surf00049
MF10,MF10,171,97,60,surf00049
MF11,MF11,92,41,41,surf00049
MF12,MF12,243,68,97,surf00049
MF13,MF13,198,66,57,surf00049
MF14,MF14,255,165,187,surf00049
MF15,MF15,188,0,24,surf00049
MF16,MF16,255,215,203,surf00049
MF17,MF17,241,157,138,surf00049
MF18,MF18,220,123,69,surf00049
MF19,MF19,199,70,81,surf00049
MF20,MF20,216,168,158,surf00049
MF21,MF21,235,157,185,surf00049
MF22,MF22,255,212,212,surf00049
MF23,MF23,234,132,116,surf00049
MF24,MF24,247,193,197,surf00049
MF25,MF25,252,87,104,surf00049
MG1,MG1,255,231,200,surf00049
MG2,MG2,255,214,195,surf00049
MG3,MG3,238,182,148,surf00049
MG4,MG4,217,165,140,surf00049
MG5,MG5,244,150,48,surf00049
MG6,MG6,241,153,55,surf00049
MG7,MG7,172,116,91,surf00049
MG8,MG8,105,74,66,surf00049
MG9,MG9,247,204,157,surf00049
MG10,MG10,199,131,47,surf00049
MG11,MG11,211,195,145,surf00049
MG12,MG12,230,185,134,surf00049
MG13,MG13,198,123,79,surf00049
MG14,MG14,141,98,66,surf00049
MG15,MG15,246,247,226,surf00049
MG16,MG16,242,231,215,surf00049
MG17,MG17,120,101,98,surf00049
MG18,MG18,254,245,235,surf00049
MG19,MG19,240,171,71,surf00049
MG20,MG20,174,105,73,surf00049
MG21,MG21,191,140,110,surf00049
MH2,MH2,255,255,255,surf00049
MH3,MH3,155,155,155,surf00049
MH4,MH4,109,109,109,surf00049
MH5,MH5,77,77,77,surf00049
MH6,MH6,58,58,58,surf00049
MH7,MH7,0,0,0,surf00049
MH8,MH8,255,240,241,surf00049
MH9,MH9,227,230,223,surf00049
MH10,MH10,226,224,231,surf00049
MH11,MH11,188,184,181,surf00049
MH12,MH12,247,243,225,surf00049
MH13,MH13,234,221,200,surf00049
MH14,MH14,184,200,197,surf00049
MH15,MH15,153,171,172,surf00049
MH16,MH16,68,66,54,surf00049
MH17,MH17,250,251,245,surf00049
MH18,MH18,254,254,238,surf00049
MH19,MH19,251,242,228,surf00049
MH20,MH20,158,174,173,surf00049
MH21,MH21,253,255,242,surf00049
MH22,MH22,237,237,231,surf00049
MH23,MH23,180,184,167,surf00049
MM1,MM1,174,187,168,surf00049
MM2,MM2,114,147,118,surf00049
MM3,MM3,106,136,144,surf00049
MM4,MM4,190,179,157,surf00049
MM5,MM5,184,183,140,surf00049
MM6,MM6,178,172,147,surf00049
MM7,MM7,188,159,148,surf00049
MM8,MM8,150,131,129,surf00049
MM9,MM9,179,157,136,surf00049
MM10,MM10,183,150,163,surf00049
MM11,MM11,176,150,185,surf00049
MM12,MM12,104,89,81,surf00049
MM13,MM13,199,149,130,surf00049
MM14,MM14,202,105,79,surf00049
MM15,MM15,146,159,169,surf00049