5001,White Ab,!,196,187,178,30.00,0.13,0.73,76.37,1.60,5.68,LThanda
5002,Light Blue Ab,#,146,171,168,172.80,0.13,0.62,68.07,-9.23,-1.37,LThanda
5003,Aegean Blue Ab,$,15,119,166,198.68,0.83,0.35,47.04,-9.70,-32.68,LThanda
5004,Pink Ab,%,222,151,136,10.47,0.57,0.70,69.07,24.84,18.74,LThanda
5005,Yellow Ab,',208,162,23,45.08,0.80,0.45,68.98,5.54,69.00,LThanda
5006,Red Ab,(,201,67,62,2.16,0.56,0.52,47.98,52.76,32.65,LThanda
5007,Cream Ab,),200,183,145,41.45,0.33,0.68,74.95,0.17,21.55,LThanda
5008,Bright Green Ab,*,133,145,41,66.92,0.56,0.36,57.46,-18.26,50.82,LThanda
5009,Baby Blue Ab,+,109,149,152,184.19,0.17,0.51,58.99,-12.90,-6.03,LThanda
5010,Mauve Ab,-,175,137,165,315.79,0.19,0.61,61.41,19.21,-9.26,LThanda
5011,Crystal Ab,.,90,92,91,150.00,0.01,0.36,38.87,-1.00,0.29,LThanda
5012,Orange Ab,/,209,55,37,6.28,0.70,0.48,47.52,58.87,46.27,LThanda
8165,Aqua Mist,0,149,179,180,181.94,0.17,0.65,70.82,-9.95,-3.93,LThanda
8174,Mid Aqua Marine,1,90,149,161,190.14,0.28,0.49,58.27,-15.95,-12.34,LThanda
8175,Aqua Marine,2,49,139,158,190.46,0.53,0.41,53.59,-20.06,-17.85,LThanda
8176,Dark Aqua Marine,3,13,79,110,199.18,0.79,0.24,31.35,-7.53,-23.36,LThanda
8177,Pale Turquoise,4,137,176,161,156.92,0.20,0.61,68.71,-16.30,3.37,LThanda
8178,Mid Turquoise,5,113,158,156,177.33,0.19,0.53,61.97,-15.55,-3.86,LThanda
8179,Turquoise,6,70,131,143,189.86,0.34,0.42,51.29,-16.28,-12.57,LThanda
8180,Dark Turquoise,7,65,124,132,187.16,0.34,0.39,48.52,-16.88,-10.30,LThanda
8181,Oriental Turquoise,8,24,101,114,188.67,0.65,0.27,39.10,-17.76,-13.87,LThanda
8183,Turquoise Ice,9,153,159,148,92.73,0.05,0.60,64.73,-4.24,4.99,LThanda
8184,Pale Slate,:,112,128,125,168.75,0.07,0.47,52.25,-6.49,-0.36,LThanda
8185,Mid Slate,;,91,108,110,186.32,0.09,0.39,44.34,-5.88,-3.26,LThanda
8186,Slate,=,59,75,81,196.36,0.16,0.27,30.77,-4.71,-5.64,LThanda
8187,Dark Slate,?,37,61,67,192.00,0.29,0.20,24.12,-7.45,-6.63,LThanda
8188,Light Jade,@,80,144,141,177.19,0.29,0.44,55.66,-21.27,-4.83,LThanda
8189,Jade,A,46,122,119,177.63,0.45,0.33,46.75,-23.79,-5.32,LThanda
8190,Dark Jade,B,11,67,67,180.00,0.72,0.15,25.23,-16.98,-5.06,LThanda
8209,Dark Beryl,C,52,85,74,160.00,0.24,0.27,33.40,-14.93,2.61,LThanda
8212,Light Agave,D,117,153,142,161.67,0.15,0.53,60.35,-14.80,1.72,LThanda
8213,Agave,E,82,133,125,170.59,0.24,0.42,51.89,-19.07,-1.10,LThanda
8214,Dark Agave,F,68,88,84,168.00,0.13,0.31,35.69,-8.60,-0.21,LThanda
8215,Pine Green,G,53,79,75,170.77,0.20,0.26,31.48,-10.86,-0.81,LThanda
8216,Dark Pine Green,H,23,54,50,172.26,0.40,0.15,20.25,-12.70,-1.03,LThanda
8001,Black,I,31,31,36,240.00,0.07,0.13,11.95,1.32,-3.38,LThanda
8405,Burnt Umber,J,55,40,41,356.00,0.16,0.19,17.87,7.21,2.06,LThanda
8415,Stone,K,147,128,114,25.45,0.13,0.51,54.92,4.92,10.27,LThanda
8416,Dark Stone,L,112,102,87,36.00,0.13,0.39,43.71,1.27,9.92,LThanda
8417,Smoke,M,73,71,64,46.67,0.07,0.27,30.14,-0.61,4.50,LThanda
8418,Black Pearl,N,52,44,40,20.00,0.13,0.18,18.73,2.84,3.94,LThanda
8420,Dark Ash,O,154,144,120,42.35,0.14,0.54,60.04,-0.36,14.11,LThanda
8422,Deep Ocean,P,77,76,81,252.00,0.03,0.31,32.57,1.52,-2.81,LThanda
8426,Medium Clay,Q,122,92,78,19.09,0.22,0.39,41.75,10.17,12.80,LThanda
8427,Dark Clay,R,106,74,60,18.26,0.28,0.33,34.58,11.64,13.77,LThanda
8436,Smokey Grey,S,122,129,120,106.67,0.04,0.49,53.16,-4.40,3.98,LThanda
8437,Dark Cement,T,113,102,95,23.33,0.09,0.41,44.00,3.06,5.53,LThanda
8438,Thunder Grey,U,90,91,86,72.00,0.03,0.35,38.42,-1.43,2.74,LThanda
8439,Storm Grey,V,67,60,56,21.82,0.09,0.24,25.89,2.22,3.57,LThanda
8442,Medium Dove,W,122,123,132,234.00,0.04,0.50,51.80,1.50,-5.02,LThanda
8443,Dark Dove,X,88,88,98,240.00,0.05,0.36,37.73,2.23,-5.75,LThanda
8444,Mist,Y,149,151,151,180.00,0.01,0.59,62.30,-0.72,-0.26,LThanda
8445,Pebble,Z,123,132,135,195.00,0.05,0.51,54.51,-2.67,-2.76,LThanda
8446,Shadow,[,77,75,85,252.00,0.06,0.31,32.40,3.08,-5.61,LThanda
8447,Blue Gum,],56,74,82,198.46,0.19,0.27,30.27,-4.86,-7.06,LThanda
8448,Steel,^,64,62,68,260.00,0.05,0.25,26.60,2.22,-3.36,LThanda
8108,Blue Grey,_,135,151,167,210.00,0.15,0.59,61.72,-2.17,-10.29,LThanda
8109,Mid Blue Grey,`,101,124,150,211.84,0.20,0.49,51.13,-1.81,-16.73,LThanda
8110,Blue Shadow,a,64,102,141,210.39,0.38,0.40,42.02,-1.57,-25.61,LThanda
8115,Duck Egg Blue,b,115,151,168,199.25,0.23,0.55,60.43,-8.22,-12.92,LThanda
8116,Sky Blue,c,100,137,169,207.83,0.29,0.53,55.55,-4.40,-20.99,LThanda
8117,Mid Sky Blue,d,80,119,159,210.38,0.33,0.47,48.76,-2.14,-25.74,LThanda
8118,Dark Sky Blue,e,66,95,136,215.14,0.35,0.40,39.78,1.61,-26.08,LThanda
8119,Light Delft,f,42,76,129,216.55,0.51,0.34,32.36,6.02,-33.57,LThanda
8120,Delft,g,48,74,127,220.25,0.45,0.34,31.94,7.81,-32.98,LThanda
8121,Junior Navy,h,36,47,94,228.62,0.45,0.25,20.89,11.43,-29.58,LThanda
8122,Azure,i,105,148,168,199.05,0.27,0.54,58.98,-9.46,-15.17,LThanda
8123,Cornflower,j,46,95,153,212.52,0.54,0.39,39.69,3.39,-36.53,LThanda
8124,Dark Cornflower,k,39,86,152,215.04,0.59,0.37,36.66,7.74,-40.77,LThanda
8125,Forget-Me-Not Blue,l,85,151,185,200.40,0.42,0.53,59.50,-11.28,-24.11,LThanda
8126,Delphinium Blue,m,52,125,181,206.05,0.55,0.46,50.37,-3.88,-36.10,LThanda
8127,Santorini Blue,n,17,94,160,207.69,0.81,0.35,39.01,3.42,-41.85,LThanda
8128,Reflex Blue,o,14,83,150,209.56,0.83,0.32,34.97,6.33,-42.31,LThanda
8129,Dark Reflex Blue,p,14,80,157,212.31,0.84,0.34,34.53,11.24,-47.24,LThanda
8130,Ocean Blue,q,18,63,133,216.52,0.76,0.30,27.78,13.21,-43.45,LThanda
8131,Navy Blue,r,19,59,123,216.92,0.73,0.28,25.85,11.91,-40.31,LThanda
8132,Light Glacier,s,130,179,174,173.88,0.24,0.61,69.50,-17.23,-2.70,LThanda
8133,Glacier Blue,t,89,161,173,188.57,0.34,0.51,62.19,-19.24,-13.23,LThanda
8134,Dark Glacier,u,58,165,193,192.44,0.54,0.49,63.06,-21.17,-23.21,LThanda
8135,Pale Denim,v,56,111,149,204.52,0.45,0.40,44.77,-6.06,-26.13,LThanda
8136,Denim,w,18,89,133,202.96,0.76,0.30,35.92,-4.17,-30.44,LThanda
8137,Dark Denim,x,20,65,107,208.97,0.69,0.25,26.71,1.14,-28.77,LThanda
8138,Light Aegean,y,29,150,188,194.34,0.73,0.43,57.76,-18.11,-28.62,LThanda
8139,Aegean Blue,z,14,135,187,198.03,0.86,0.39,52.96,-11.10,-35.54,LThanda
8140,Deep Aegean Blue,{,9,103,164,203.61,0.90,0.34,41.91,-1.12,-39.61,LThanda
8141,Light Aqua,|,38,156,179,189.79,0.65,0.43,59.38,-23.50,-21.02,LThanda
8142,Aqua,},19,154,185,191.20,0.81,0.40,58.74,-21.93,-25.41,LThanda
8143,Dark Aqua,~,8,126,164,194.62,0.91,0.34,49.07,-14.79,-28.34,LThanda
8144,Pale Blue Grey,¡,115,134,159,214.09,0.19,0.54,55.28,-0.91,-15.57,LThanda
8145,French Blue,¢,88,109,135,213.19,0.21,0.44,45.31,-1.03,-16.83,LThanda
8146,Dark Blue Grey,£,51,75,109,215.17,0.36,0.31,31.44,1.46,-22.50,LThanda
8148,Ice Blue,¤,155,181,181,180.00,0.15,0.66,71.79,-8.85,-2.99,LThanda
8149,Mid Sea Quest,¥,141,184,186,182.67,0.25,0.64,71.89,-13.77,-5.70,LThanda
8150,Sea Quest,¦,117,166,178,191.80,0.28,0.58,65.18,-13.25,-11.41,LThanda
8151,Dark Sea Quest,§,96,142,164,199.41,0.27,0.51,56.60,-9.71,-16.55,LThanda
8152,Oriental Light Blue,¨,52,114,149,201.65,0.48,0.39,45.54,-8.60,-24.95,LThanda
8153,Oriental Blue,©,48,97,137,206.97,0.48,0.36,39.55,-3.34,-27.11,LThanda
8154,Mid Oriental Blue,ª,26,74,116,208.00,0.63,0.28,30.35,-0.39,-28.70,LThanda
8155,Dark Oriental Blue,«,28,65,99,208.73,0.56,0.25,26.53,-0.82,-23.91,LThanda
8156,Ink,¬,21,47,83,214.84,0.60,0.20,19.30,3.87,-24.87,LThanda
8157,Midnight Blue,®,23,37,61,217.89,0.45,0.16,14.64,2.62,-17.20,LThanda
8158,Indigo,¯,32,31,49,243.33,0.23,0.16,12.66,5.65,-11.72,LThanda
8159,Baby Blue,°,152,174,174,180.00,0.12,0.64,69.47,-7.57,-2.58,LThanda
8160,Light Teal,±,122,149,154,189.37,0.14,0.54,59.86,-8.30,-5.79,LThanda
8161,Mid Teal,²,94,127,139,196.00,0.19,0.46,51.18,-8.59,-10.27,LThanda
8162,Teal,³,72,107,121,197.14,0.25,0.38,43.17,-8.61,-11.76,LThanda
8163,Dark Teal,´,36,70,89,201.51,0.42,0.25,28.05,-6.08,-15.06,LThanda
8164,Midnight Teal,µ,24,51,73,206.94,0.51,0.19,20.21,-2.36,-16.70,LThanda
8166,Bluestone,¶,120,169,177,188.42,0.27,0.58,66.17,-14.24,-9.35,LThanda
8167,Heavenly Blue,·,103,147,165,197.42,0.26,0.53,58.48,-10.27,-14.23,LThanda
8168,Light Kingfisher,¸,49,136,165,195.00,0.54,0.42,52.93,-16.14,-22.90,LThanda
8169,Kingfisher,¹,26,112,149,198.05,0.70,0.34,44.20,-11.15,-27.09,LThanda
8170,Dark Kingfisher,º,28,81,120,205.43,0.62,0.29,32.89,-3.06,-27.18,LThanda
8171,Sapphire,»,16,77,128,207.32,0.78,0.28,31.75,1.37,-33.97,LThanda
8172,Dark Sapphire,¿,20,56,98,212.31,0.66,0.23,23.20,3.60,-28.55,LThanda
8173,Light Aqua Marine,×,136,178,175,175.71,0.21,0.62,69.59,-14.65,-3.07,LThanda
8282,Light Eucalypt,÷,137,132,92,53.33,0.20,0.45,54.65,-4.68,22.32,LThanda
8283,Gum Green,À,126,118,76,50.40,0.25,0.40,49.39,-3.58,24.25,LThanda
8284,Green Gold,Á,135,115,75,40.00,0.29,0.41,49.40,1.97,25.00,LThanda
8285,Pale Gold,Â,194,173,112,44.63,0.40,0.60,71.23,-0.94,34.08,LThanda
8286,Gold,Ã,181,144,64,41.03,0.48,0.48,61.78,5.02,46.69,LThanda
8287,Deep Gold,Ä,155,113,48,36.45,0.53,0.40,50.68,9.77,41.43,LThanda
8288,Light Bronze,Å,143,118,53,43.33,0.46,0.38,50.75,1.78,38.67,LThanda
8289,Dark Khaki,Æ,105,83,44,38.36,0.41,0.29,36.69,3.89,26.08,LThanda
8290,Bronze,Ç,109,72,37,29.17,0.49,0.29,34.02,11.92,27.03,LThanda
8292,String,È,142,127,107,34.29,0.14,0.49,54.02,2.37,12.97,LThanda
8293,Gun Metal,É,94,83,68,34.62,0.16,0.32,35.95,1.86,10.45,LThanda
8294,Putty,Ê,110,97,76,37.06,0.18,0.36,41.82,1.66,13.90,LThanda
8296,Linen,Ë,162,140,98,39.38,0.26,0.51,59.27,2.14,25.50,LThanda
8297,Fawn,Ì,132,100,75,26.32,0.28,0.41,44.98,9.40,19.16,LThanda
8298,Dark Linen,Í,132,91,63,24.35,0.35,0.38,42.38,13.39,22.82,LThanda
8303,Mocha,Î,112,80,56,25.71,0.33,0.33,36.87,10.22,19.40,LThanda
8304,Olivine,Ï,131,91,63,24.71,0.35,0.38,42.26,12.94,22.64,LThanda
8307,Deep Cadmium,Ð,168,102,43,28.32,0.59,0.41,49.50,21.55,43.09,LThanda
8308,Russet,Ñ,131,66,44,15.17,0.50,0.34,35.80,25.90,25.83,LThanda
8309,Oaten,Ò,221,158,112,25.32,0.62,0.65,70.17,18.18,33.26,LThanda
8310,Pale Ginger,Ó,159,111,72,26.90,0.38,0.45,50.93,14.51,29.18,LThanda
8311,Dark Ginger,Ô,148,102,58,29.33,0.44,0.40,47.11,13.65,31.96,LThanda
8312,Golden Ginger,Õ,163,113,64,29.70,0.44,0.45,51.80,14.45,34.74,LThanda
8355,Light Ochre,Ö,213,135,98,19.30,0.58,0.61,63.64,26.08,32.25,LThanda
8356,Mid Ochre,Ø,196,98,63,15.79,0.53,0.51,52.76,36.42,37.51,LThanda
8357,Dark Ochre,Ù,167,73,44,14.15,0.58,0.41,43.01,36.85,35.62,LThanda
8358,Ochre,Ú,158,66,42,12.41,0.58,0.39,40.14,36.77,33.13,LThanda
8359,Dark Brown,Û,94,44,31,12.38,0.50,0.25,24.58,21.54,18.83,LThanda
8364,Medium Skin Tone,Ü,204,133,96,20.56,0.51,0.59,62.05,23.34,31.09,LThanda
8365,Light Tan,Ý,207,132,79,24.84,0.57,0.56,61.94,23.78,40.15,LThanda
8366,Mid Tan,Þ,190,104,55,21.78,0.55,0.48,53.08,30.40,41.86,LThanda
8367,Tan,ß,182,94,51,19.69,0.56,0.46,49.73,32.26,39.91,LThanda
8368,Dark Tan,à,121,54,36,12.71,0.54,0.31,31.42,27.84,25.02,LThanda
8380,Red Mud,á,94,36,38,357.93,0.45,0.25,22.94,26.70,12.10,LThanda
8381,Dark Burgundy,â,88,34,37,356.67,0.44,0.24,21.40,25.25,10.54,LThanda
8384,Mole Pink,ã,187,116,98,12.13,0.40,0.56,56.03,25.94,21.70,LThanda
8385,Light Mole,ä,177,119,113,5.63,0.29,0.57,55.82,21.97,12.57,LThanda
8386,Mole,å,149,92,86,5.71,0.27,0.46,45.24,22.63,13.29,LThanda
8387,Dark Mole,æ,121,64,56,7.38,0.37,0.35,34.02,23.80,15.89,LThanda
8397,Medium Latte,ç,201,151,122,22.03,0.42,0.63,66.49,14.94,22.57,LThanda
8398,Latte,è,173,113,84,19.55,0.35,0.50,53.31,20.47,25.79,LThanda
8399,Dark Latte,é,165,99,68,19.18,0.42,0.46,48.69,23.56,28.79,LThanda
8400,Bark,ê,138,73,57,11.85,0.42,0.38,38.66,25.92,21.81,LThanda
8401,Brown,ë,112,54,38,12.97,0.49,0.29,29.97,24.14,21.70,LThanda
8402,Chocolate Brown,ì,86,45,38,8.75,0.39,0.24,23.66,17.98,12.81,LThanda
8403,Dirty Paw,í,90,51,42,11.25,0.36,0.26,25.89,16.50,13.24,LThanda
8404,Purple Brown,î,72,38,33,7.69,0.37,0.21,19.53,15.39,10.30,LThanda
8407,Pale Donkey,ï,183,143,122,20.66,0.30,0.60,62.61,12.12,16.96,LThanda
8408,Medium Donkey,ð,159,113,93,18.18,0.26,0.49,51.80,15.56,18.32,LThanda
8409,Donkey,ñ,124,85,68,18.21,0.29,0.38,39.91,13.96,16.41,LThanda
8410,Charcoal,ò,74,51,45,12.41,0.24,0.23,23.71,9.45,7.93,LThanda
8425,Grey Green Haze,ó,147,127,102,33.33,0.18,0.49,54.39,3.70,16.43,LThanda
8430,Mid Twig,ô,150,112,99,15.29,0.20,0.49,50.66,13.15,13.07,LThanda
8431,Dark Twig,õ,139,102,87,17.31,0.23,0.44,46.55,12.75,14.30,LThanda
8432,Sepia,ö,102,72,58,19.09,0.28,0.31,33.49,10.81,13.46,LThanda
8433,Dark Sepia,ø,64,43,41,5.22,0.22,0.21,19.95,9.42,5.19,LThanda
8147,Ice,ù,187,191,159,67.50,0.20,0.69,76.27,-6.92,15.70,LThanda
8182,Midnight Turquoise,ú,23,81,94,190.99,0.61,0.23,31.52,-13.62,-12.98,LThanda
8191,Light Reef,û,104,170,160,170.91,0.28,0.54,65.15,-23.41,-1.49,LThanda
8192,Medium Reef,ü,75,150,140,172.00,0.33,0.44,57.27,-25.84,-1.90,LThanda
8193,Reef,ý,58,142,129,170.71,0.42,0.39,53.85,-28.60,-0.68,LThanda
8194,Dark Reef,þ,8,109,98,173.47,0.86,0.23,41.01,-28.70,-1.28,LThanda
8195,Waterfall,ÿ,46,136,121,170.00,0.49,0.36,51.35,-30.17,0.27,LThanda
8196,Deep Waterfall,Œ,26,134,119,171.67,0.68,0.31,50.22,-32.65,-0.27,LThanda
8198,Spa,œ,86,144,137,172.76,0.25,0.45,55.82,-20.70,-2.26,LThanda
8199,Deep Spa,Š,50,133,124,173.49,0.45,0.36,50.58,-27.13,-2.59,LThanda
8200,Blue Green,š,35,118,111,174.94,0.54,0.30,44.89,-26.09,-3.35,LThanda
8201,Dark Blue Green,Ÿ,10,84,79,175.95,0.79,0.18,31.74,-22.16,-3.15,LThanda
8202,Soft Green,ƒ,113,146,121,134.55,0.13,0.51,57.51,-16.81,9.53,LThanda
8203,Light Apple Green,Α,110,152,124,140.00,0.17,0.51,59.18,-20.38,10.17,LThanda
8204,Apple Green,Β,96,141,121,153.33,0.19,0.46,54.99,-19.91,5.79,LThanda
8205,Dark Apple Green,Γ,72,119,93,146.81,0.25,0.37,46.13,-22.32,9.32,LThanda
8206,Wattle Green,Δ,34,77,62,159.07,0.39,0.22,29.40,-19.16,4.37,LThanda
8210,Light Juniper,Ε,56,102,89,163.04,0.29,0.31,39.69,-19.24,2.43,LThanda
8211,Juniper,Ζ,37,75,67,167.37,0.34,0.22,28.98,-15.83,0.57,LThanda
8217,Pale Mint Green,Η,155,199,158,124.09,0.28,0.69,76.24,-22.55,15.87,LThanda
8218,Medium Mint Green,Θ,114,179,136,140.31,0.30,0.57,67.72,-30.15,15.52,LThanda
8219,Mint Green,Ι,78,159,107,141.48,0.34,0.46,59.41,-36.90,19.74,LThanda
8220,Bright Mint Green,Κ,53,154,99,147.33,0.49,0.41,56.85,-42.16,20.55,LThanda
8221,Light Emerald,Λ,56,154,92,142.04,0.47,0.41,56.81,-42.91,24.34,LThanda
8222,Emerald Green,Μ,21,115,59,144.26,0.69,0.27,42.36,-39.72,23.62,LThanda
8223,Dark Emerald,Ν,13,106,70,156.77,0.78,0.23,39.30,-34.69,13.19,LThanda
8224,Holly Green,Ξ,22,83,55,152.46,0.58,0.21,30.96,-26.85,10.91,LThanda
8225,Chartreuse,Ο,176,174,132,57.27,0.22,0.60,70.29,-6.20,21.88,LThanda
8226,Antique Green,Π,136,149,114,82.29,0.14,0.52,59.84,-11.13,16.97,LThanda
8227,Light Jungle,Ρ,86,118,84,116.47,0.17,0.40,46.41,-18.77,15.13,LThanda
8228,Jungle,Σ,77,108,75,116.36,0.18,0.36,42.48,-18.45,14.95,LThanda
8229,Deep Jungle,Τ,44,73,49,130.34,0.25,0.23,28.17,-16.84,11.02,LThanda
8230,Veridian,Υ,35,70,44,135.43,0.33,0.21,26.50,-19.47,11.84,LThanda
8231,Pastel Green,Φ,142,172,116,92.14,0.25,0.56,66.91,-20.54,25.52,LThanda
8232,Pale Fern,Χ,129,157,81,82.11,0.32,0.47,61.11,-22.64,36.36,LThanda
8233,Fern,Ψ,88,125,67,98.28,0.30,0.38,48.44,-24.39,27.46,LThanda
8234,Medium Fern,Ω,76,115,66,107.76,0.27,0.35,44.51,-24.02,22.84,LThanda
8235,Dark Fern,α,48,84,43,112.68,0.32,0.25,32.13,-22.32,19.94,LThanda
8236,Pale Chartreuse,β,174,178,119,64.07,0.28,0.58,70.99,-10.84,29.74,LThanda
8238,Palm Green,γ,109,119,75,73.64,0.23,0.38,48.20,-11.58,22.99,LThanda
8241,Cedar Green,δ,50,93,58,131.16,0.30,0.28,35.62,-23.49,15.57,LThanda
8242,Parrot,ε,157,170,43,66.14,0.60,0.42,66.59,-20.49,59.55,LThanda
8243,Dark Parrot,ζ,125,160,52,79.44,0.51,0.42,61.44,-28.43,50.27,LThanda
8244,Lorikeet,η,82,140,51,99.10,0.47,0.37,52.72,-35.61,40.57,LThanda
8245,Kelly Green,θ,14,94,35,135.75,0.74,0.21,34.44,-36.69,26.96,LThanda
8246,Mid Kelly Green,ι,13,90,39,140.26,0.75,0.20,33.02,-34.67,23.08,LThanda
8247,Dark Kelly Green,κ,15,83,44,145.59,0.69,0.19,30.57,-30.59,17.10,LThanda
8248,Light Frog Green,λ,151,160,30,64.15,0.68,0.37,63.19,-18.57,60.33,LThanda
8249,Frog Green,μ,70,123,17,90.00,0.76,0.27,46.32,-34.90,46.97,LThanda
8250,Leprachaun,ν,61,99,31,93.53,0.52,0.25,37.87,-26.33,33.29,LThanda
8251,Loden Green,ξ,57,88,33,93.82,0.45,0.24,33.90,-22.25,27.80,LThanda
8253,Lichen,ο,146,143,79,57.31,0.30,0.44,58.34,-8.46,34.29,LThanda
8254,Pickle Green,π,106,127,48,75.95,0.45,0.34,50.04,-20.20,39.42,LThanda
8256,Mineral Green,ρ,99,99,37,60.00,0.46,0.27,40.75,-9.04,34.34,LThanda
8257,Medium Forest,ς,79,84,56,70.71,0.20,0.27,34.58,-7.34,15.74,LThanda
8258,Forest,σ,68,69,50,63.16,0.16,0.23,28.68,-4.16,11.38,LThanda
8259,Dark Forest,τ,57,53,40,45.88,0.18,0.19,22.19,-0.80,8.85,LThanda
8271,Bright Lime,υ,192,179,41,54.83,0.65,0.46,71.96,-9.98,66.19,LThanda
8421,Greenstone,φ,112,127,101,94.62,0.11,0.45,51.34,-10.66,12.32,LThanda
8207,Turquoise Breath,χ,98,123,117,165.60,0.11,0.43,49.55,-10.38,0.28,LThanda
8208,Beryl,ψ,65,122,112,169.47,0.30,0.37,47.25,-21.36,-0.35,LThanda
8237,Deep Chartreuse,ω,165,151,85,49.50,0.32,0.49,62.33,-4.05,36.44,LThanda
8252,Celery Green,ϑ,183,160,95,44.32,0.38,0.55,66.55,-0.30,36.82,LThanda
8260,Grey Green,ϒ,143,144,125,63.16,0.08,0.53,59.22,-3.86,9.98,LThanda
8261,Pale Olive,ϖ,145,146,102,61.36,0.18,0.49,59.47,-7.72,23.27,LThanda
8262,Grass Green,–,109,115,78,69.73,0.19,0.38,47.06,-8.92,19.76,LThanda
8263,Olive,—,78,82,47,66.86,0.27,0.25,33.69,-7.91,20.00,LThanda
8264,Sage,‘,92,95,71,67.50,0.14,0.33,39.44,-5.75,13.38,LThanda
8265,Green Haze,’,119,131,118,115.38,0.05,0.49,53.45,-7.04,5.53,LThanda
8266,Hunter Green,‚,49,71,55,136.36,0.18,0.24,27.94,-12.50,6.91,LThanda
8267,Dark Pickle,“,130,127,85,56.00,0.21,0.42,52.49,-5.78,23.28,LThanda
8268,Sap Green,”,83,95,63,82.50,0.20,0.31,38.52,-10.91,16.83,LThanda
8269,Dark Olive,„,68,79,51,83.57,0.22,0.25,31.94,-10.06,15.14,LThanda
8270,Pale Yellow,†,208,172,87,42.15,0.56,0.58,71.96,3.15,47.92,LThanda
8272,Bright Khaki,‡,158,133,29,48.37,0.69,0.37,56.22,-1.03,54.74,LThanda
8273,May Green,•,103,115,35,69.00,0.53,0.29,46.00,-16.20,40.95,LThanda
8274,Mid May Green,…,97,100,41,63.05,0.42,0.28,40.92,-10.20,32.45,LThanda
8275,Light Khaki,‰,153,133,66,46.21,0.40,0.43,56.03,-1.13,38.41,LThanda
8276,Khaki,‱,139,119,43,47.50,0.53,0.36,50.52,-1.30,43.10,LThanda
8277,Dark May Green,※,85,85,38,60.00,0.38,0.24,35.14,-7.46,27.10,LThanda
8278,Army Green,‼,75,80,36,66.82,0.38,0.23,32.61,-9.48,25.00,LThanda
8279,Winter Green,‽,139,140,108,61.88,0.13,0.49,57.39,-5.99,17.02,LThanda
8280,Eucalypt,‾,114,118,85,67.27,0.16,0.40,48.50,-7.47,17.72,LThanda
8281,Dark Eucalypt,⁁,95,99,62,66.49,0.23,0.32,40.74,-8.14,20.53,LThanda
8089,Purple Smoke,⁂,158,137,139,354.29,0.10,0.58,59.00,8.26,1.85,LThanda
8090,Pale Mushroom,⁇,141,119,127,338.18,0.09,0.51,52.27,9.95,-1.20,LThanda
8091,Mushroom,⁈,111,81,95,332.00,0.16,0.38,38.00,14.98,-3.21,LThanda
8092,Dark Mushroom,⁉,97,61,75,336.67,0.23,0.31,30.37,18.05,-1.95,LThanda
8093,Light Mauve,⁑,152,97,116,339.27,0.22,0.49,47.61,25.09,-1.37,LThanda
8094,Mauve,€,111,62,88,328.16,0.28,0.34,32.98,25.22,-6.25,LThanda
8095,Dark Mauve,™,98,50,73,331.25,0.32,0.29,27.73,24.80,-4.52,LThanda
8096,Maroon,∀,65,27,46,330.00,0.41,0.18,16.03,21.09,-4.02,LThanda
8097,Pale Lilac,❝,193,150,179,319.53,0.26,0.67,66.83,20.88,-8.89,LThanda
8098,Lilac,❞,181,129,187,293.79,0.30,0.62,60.88,29.97,-22.51,LThanda
8099,Mid Lilac,∂,157,96,149,307.87,0.24,0.50,49.13,33.12,-18.72,LThanda
8100,Light Purple,∃,116,56,118,298.06,0.36,0.34,33.67,35.96,-24.19,LThanda
8101,Purple,∅,97,41,105,292.50,0.44,0.29,27.15,35.59,-26.36,LThanda
8102,Dark Purple,∇,84,38,99,285.25,0.45,0.27,24.23,32.11,-27.22,LThanda
8103,Purple Ice,∈,179,154,182,293.57,0.16,0.66,66.58,14.31,-11.09,LThanda
8104,Lavenda,∉,151,122,173,274.12,0.24,0.58,55.60,21.14,-22.87,LThanda
8105,Jacaranda,∋,78,62,145,251.57,0.40,0.41,32.05,28.72,-43.77,LThanda
8106,Imperial Purple,∏,64,49,132,250.84,0.46,0.35,26.60,29.67,-44.61,LThanda
8107,Royal Purple,∑,60,25,72,284.68,0.48,0.19,16.12,25.97,-22.22,LThanda
8111,Dark Lavenda,−,87,98,153,230.00,0.27,0.47,42.86,10.67,-31.38,LThanda
8112,Soft Violet,∓,117,87,163,263.68,0.30,0.49,43.13,28.81,-36.73,LThanda
8113,Gentian,∔,72,57,137,251.25,0.41,0.38,29.69,27.98,-42.69,LThanda
8114,Gentian Violet,∕,88,62,141,259.75,0.39,0.40,32.79,30.01,-40.08,LThanda
8388,Light Oyster,∖,154,140,143,347.14,0.06,0.58,59.53,5.77,0.30,LThanda
8389,Mid Oyster,∗,148,128,135,339.00,0.09,0.54,55.57,8.88,-0.96,LThanda
8390,Oyster,√,125,107,115,333.33,0.08,0.45,47.12,8.58,-1.83,LThanda
8391,Light Java,∛,148,117,122,350.32,0.13,0.52,52.31,12.95,1.88,LThanda
8392,Java,∜,105,73,79,348.75,0.18,0.35,34.67,14.62,1.88,LThanda
8393,Dark Java,∝,98,65,69,352.73,0.20,0.32,31.36,14.98,3.41,LThanda
7001,Red Gold Metallic,∞,128,105,69,36.61,0.30,0.39,45.80,3.99,23.64,LThanda
7002,Prism Metallic,∠,32,45,57,208.80,0.28,0.17,17.82,-1.75,-9.42,LThanda
7003,Rich Gold Metallic,∧,110,96,72,37.89,0.21,0.36,41.45,1.68,15.80,LThanda
7004,Pewter Metallic,∩,42,43,48,230.00,0.07,0.18,17.61,0.82,-3.39,LThanda
7005,Silver Metallic,∪,104,103,99,48.00,0.02,0.40,43.57,-0.41,2.39,LThanda
7006,Dark Gold Metallic,∫,142,118,89,32.83,0.23,0.45,51.19,4.99,19.48,LThanda
7007,Classic Gold Metallic,∬,108,96,70,41.05,0.21,0.35,41.21,0.51,16.63,LThanda
7008,Light Gold Metallic,∭,110,103,76,47.65,0.18,0.36,43.56,-1.89,16.26,LThanda
7009,Platinum Metallic,∮,102,99,84,50.00,0.10,0.36,41.83,-1.66,8.96,LThanda
3001,Neon Green,∯,116,189,75,98.42,0.46,0.52,69.91,-42.95,49.40,LThanda
3002,Neon Yellow,∰,232,207,24,52.79,0.82,0.50,82.83,-7.44,80.58,LThanda
3003,Neon Pink,∴,245,57,97,347.23,0.90,0.59,55.28,71.40,22.89,LThanda
3004,Neon Orange,∵,245,105,62,14.10,0.90,0.60,61.54,51.34,49.83,LThanda
4001,Glow In The Dark,∶,196,197,197,180.00,0.01,0.77,79.44,-0.34,-0.13,LThanda
8330,Light Orange,∷,240,125,25,27.91,0.88,0.52,64.37,38.72,66.72,LThanda
8331,Mid Orange,∻,242,111,38,21.47,0.89,0.55,61.99,46.65,60.75,LThanda
8332,Bright Orange,∼,239,91,39,15.60,0.86,0.55,58.02,54.73,56.76,LThanda
8333,Dark Orange,∽,241,80,40,11.94,0.88,0.55,56.68,59.96,55.29,LThanda
8334,Flame,≀,215,58,42,5.55,0.68,0.50,49.06,59.85,45.59,LThanda
8339,Deep Coral,≅,237,92,61,10.57,0.83,0.58,58.03,54.32,46.23,LThanda
8340,Tangerine,≈,228,53,37,5.03,0.78,0.52,50.89,65.23,50.66,LThanda
8343,Pink Pearl,≠,233,150,118,16.70,0.72,0.69,69.78,27.80,29.79,LThanda
8344,Light Terra Cotta,≡,239,120,76,16.20,0.84,0.62,63.59,42.59,44.73,LThanda
8345,Terra Cotta,≤,204,79,49,11.61,0.61,0.50,50.28,48.01,42.57,LThanda
8346,Dark Terra Cotta,≥,205,75,43,11.85,0.65,0.49,49.72,49.92,45.13,LThanda
8347,Pink Marble,⊂,220,130,97,16.10,0.64,0.62,63.38,31.46,32.65,LThanda
8354,Mid Nacre,⊃,225,175,152,18.90,0.55,0.74,75.41,15.06,18.79,LThanda
8362,Skin Tone,⊄,220,137,87,22.56,0.66,0.60,64.80,26.99,39.77,LThanda
8363,Dark Skin Tone,⊆,212,106,63,17.32,0.63,0.54,56.75,38.58,42.67,LThanda
8004,Pale Rose,⊇,211,139,138,0.82,0.45,0.68,65.08,27.33,11.87,LThanda
8005,Mid Rose,⊕,222,127,130,358.11,0.59,0.68,63.61,36.93,14.53,LThanda
8006,Rose,⊖,208,82,87,357.62,0.57,0.57,51.99,50.20,23.28,LThanda
8011,Blush,⊗,224,102,89,5.78,0.69,0.61,58.10,46.63,30.52,LThanda
8016,Musk,⊘,234,115,125,354.96,0.74,0.68,62.71,46.85,16.37,LThanda
8017,Dark Musk,⊙,223,70,82,355.29,0.71,0.57,52.59,59.77,27.51,LThanda
8027,Pink,⊚,242,136,144,355.47,0.80,0.74,68.39,41.11,13.70,LThanda
8028,Light Hot Pink,⊛,235,91,103,355.00,0.78,0.64,58.15,56.46,22.88,LThanda
8029,Hot Pink,⊜,219,48,62,355.09,0.70,0.52,48.91,64.90,34.57,LThanda
8031,Pale Pink,⊝,238,183,160,17.69,0.70,0.78,78.80,16.79,19.37,LThanda
8032,Light Carnation,⊥,242,138,139,359.42,0.80,0.75,68.69,39.56,16.92,LThanda
8033,Carnation,⊦,233,73,109,346.50,0.78,0.60,55.27,63.54,15.39,LThanda
8035,Pastel Pink,⋅,240,175,159,11.85,0.73,0.78,77.09,21.66,17.57,LThanda
8036,Mid Pink,⌈,234,134,145,353.40,0.70,0.72,66.97,39.36,10.99,LThanda
8037,Floral,⌉,216,98,113,352.37,0.60,0.62,56.61,47.67,14.46,LThanda
8038,Dark Floral,⌊,184,49,81,345.78,0.58,0.46,42.73,55.45,13.79,LThanda
8041,Cerise,⌋,156,32,49,351.77,0.66,0.37,34.65,50.58,22.35,LThanda
8043,Ice Pink,▪,240,195,161,25.82,0.72,0.79,81.91,11.34,23.15,LThanda
8044,Frilly Pink,◉,230,112,120,355.93,0.70,0.67,61.45,46.44,17.42,LThanda
8048,Light Frilly Pink,◊,234,148,152,357.21,0.67,0.75,70.13,32.87,11.55,LThanda
8049,Lilac Pink,○,217,122,132,353.68,0.56,0.66,61.94,37.92,10.96,LThanda
8050,Light Fuschia,◎,198,91,103,353.27,0.48,0.57,52.36,43.79,14.05,LThanda
8051,Fuschia,☆,176,52,74,349.35,0.54,0.45,41.50,51.36,16.23,LThanda
8052,Dark Fuschia,¼,150,31,60,345.38,0.66,0.35,33.54,49.78,13.57,LThanda
8053,Deep Blush,½,154,11,43,346.57,0.87,0.32,32.44,54.50,23.39,LThanda
8054,Baby Pink,¾,235,158,169,351.43,0.66,0.77,72.88,30.12,6.06,LThanda
8055,Light Magenta,⅕,169,74,98,344.84,0.39,0.48,44.54,41.40,5.41,LThanda
8056,Mid Magenta,⅖,164,52,86,341.79,0.52,0.42,39.61,48.57,5.74,LThanda
8057,Magenta,⅗,116,22,47,344.04,0.68,0.27,25.24,41.41,9.80,LThanda
8058,Dark Magenta,⅘,94,17,36,345.19,0.69,0.22,19.67,35.26,9.09,LThanda
8059,Lolly Pink,⅙,221,119,135,350.59,0.60,0.67,61.93,41.26,9.29,LThanda
8060,Light Jazz Pink,⅚,233,105,131,347.81,0.74,0.66,60.84,51.90,10.29,LThanda
8061,Jazz Pink,⅛,219,73,107,346.03,0.67,0.57,52.83,59.14,12.83,LThanda
8062,Mid Jazz Pink,⅜,212,50,94,343.70,0.65,0.51,48.37,64.16,14.32,LThanda
8063,Dark Jazz Pink,⅝,195,34,68,347.33,0.70,0.45,43.01,62.21,22.63,LThanda
8064,Cyclamen,⅞,170,16,55,344.81,0.83,0.36,36.35,58.53,21.27,LThanda
8065,Light Cyclamen,←,215,77,115,343.48,0.63,0.57,52.94,56.98,8.11,LThanda
8066,Mid Cyclamen,↑,212,39,88,343.01,0.69,0.49,47.17,66.76,16.37,LThanda
8067,Dark Cyclamen,→,192,14,62,343.82,0.86,0.40,41.01,64.80,23.70,LThanda
8068,Pink Mist,↓,224,168,173,354.64,0.47,0.77,74.11,21.30,5.47,LThanda
8069,Crepe Myrtle,↔,214,133,169,333.33,0.50,0.68,64.91,35.91,-5.86,LThanda
8070,Light Puce,↕,218,132,164,337.67,0.54,0.69,65.03,37.12,-2.80,LThanda
8071,Puce,↖,203,66,126,333.72,0.57,0.53,49.62,58.89,-3.57,LThanda
8072,Dark Puce,↗,170,17,80,335.29,0.82,0.37,36.98,59.97,5.97,LThanda
8073,Bright Cerise,↘,169,20,84,334.23,0.79,0.37,37.07,59.51,3.50,LThanda
8074,Port Wine,↙,122,8,41,342.63,0.88,0.25,25.17,46.24,14.05,LThanda
8075,Pale Soft Pink,↚,224,153,145,6.08,0.56,0.72,69.95,25.61,15.01,LThanda
8076,Soft Pink,↛,216,126,125,0.66,0.54,0.67,62.51,34.67,15.72,LThanda
8077,Rose Bud,↜,195,96,99,358.18,0.45,0.57,52.81,39.80,16.95,LThanda
8082,Pink Haze,↝,176,121,124,356.73,0.26,0.58,56.45,21.92,7.06,LThanda
8083,Blossom,↞,233,162,153,6.75,0.65,0.76,73.20,25.19,15.29,LThanda
8084,Sweet Pea,↟,161,96,124,334.15,0.26,0.50,48.76,30.26,-4.34,LThanda
8085,Rose Quartz,↠,127,56,68,349.86,0.39,0.36,33.47,31.96,7.64,LThanda
8086,Mid Garnet,↡,100,36,48,348.75,0.47,0.27,24.27,30.04,7.30,LThanda
8087,Garnet,↢,89,27,41,346.45,0.53,0.23,20.31,29.72,6.29,LThanda
8336,Feather Pink,↣,236,151,129,12.34,0.74,0.72,70.56,29.50,24.89,LThanda
8337,Light Coral,↤,238,132,106,11.82,0.80,0.67,66.31,38.12,31.94,LThanda
8338,Coral,↥,237,115,89,10.54,0.80,0.64,62.50,45.07,36.42,LThanda
8342,Pearl,↦,212,168,147,19.38,0.43,0.70,72.30,13.15,17.00,LThanda
8353,Light Nacre,↨,223,177,162,14.75,0.49,0.75,75.91,14.54,14.03,LThanda
8369,Light Ballet Pink,↩,227,169,147,16.50,0.59,0.73,74.07,18.42,19.68,LThanda
8370,Ballet Slipper Pink,↪,233,152,128,13.71,0.70,0.71,70.41,27.71,25.17,LThanda
8371,Pale Salmon,↫,216,144,122,14.04,0.55,0.66,66.48,24.72,22.84,LThanda
8372,Salmon,↬,207,120,94,13.81,0.54,0.59,59.44,31.39,28.93,LThanda
8378,Ice Burgundy,↭,203,150,143,7.00,0.37,0.68,66.89,18.92,11.50,LThanda
8007,Dark Rose,↮,186,62,68,357.10,0.50,0.49,44.66,50.17,24.41,LThanda
8008,Geranium,↯,166,43,50,356.59,0.59,0.41,37.96,50.04,26.24,LThanda
8010,Light Blush,↰,229,143,123,11.32,0.67,0.69,67.82,30.43,24.36,LThanda
8012,Pale Scarlet,↱,228,69,66,1.11,0.75,0.58,53.11,60.87,37.59,LThanda
8013,Scarlet,↲,201,43,47,358.48,0.65,0.48,44.73,60.56,37.58,LThanda
8014,Bright Red,↳,172,15,30,354.27,0.84,0.37,36.38,58.24,36.78,LThanda
8015,Red,↴,148,9,21,354.82,0.89,0.31,30.75,52.40,34.69,LThanda
8018,Lipstick,↵,211,44,60,354.25,0.65,0.50,46.94,63.67,33.05,LThanda
8019,Flamingo,↶,216,37,48,356.31,0.71,0.50,47.15,66.38,40.48,LThanda
8020,Flag Red,↷,186,10,25,354.89,0.90,0.38,39.12,62.45,43.08,LThanda
8021,Crimson,↸,143,16,30,353.39,0.80,0.31,30.17,50.07,28.41,LThanda
8022,Dark Crimson,↹,113,11,29,349.41,0.82,0.24,23.13,42.42,19.24,LThanda
8023,Burgundy,↺,92,9,23,349.88,0.82,0.20,18.07,36.25,16.12,LThanda
8024,Claret,↻,115,17,34,349.59,0.74,0.26,24.20,41.76,17.27,LThanda
8025,Ruby,↼,105,8,27,348.25,0.86,0.22,21.04,40.64,17.65,LThanda
8026,Shiraz,↽,70,10,21,349.00,0.75,0.16,13.07,28.58,37.71,LThanda
8030,Bright Pink,↾,211,38,56,353.76,0.69,0.49,46.34,65.06,34.70,LThanda
8042,Wine,↿,91,13,29,347.69,0.75,0.20,18.37,35.12,12.20,LThanda
8078,Light Dusky Pink,⇀,153,66,73,355.17,0.40,0.43,39.83,37.07,13.93,LThanda
8079,Dusky Pink,⇁,135,52,56,357.11,0.44,0.37,33.76,35.90,15.95,LThanda
8080,Dark Dusky Pink,⇂,110,39,45,354.93,0.48,0.29,26.61,32.03,12.81,LThanda
8081,Sangria,⇃,84,24,28,356.00,0.56,0.21,18.46,28.12,12.74,LThanda
8088,Dark Garnet,⇄,85,22,35,347.62,0.59,0.21,18.48,30.04,7.86,LThanda
8335,Poppy,⇅,196,44,38,2.28,0.68,0.46,43.77,58.48,41.27,LThanda
8341,Sunset,⇆,215,34,39,358.34,0.73,0.49,46.63,66.51,44.81,LThanda
8348,Light Brick Red,⇇,209,100,64,14.90,0.61,0.54,55.11,40.50,40.18,LThanda
8349,Brick Red,⇈,174,68,44,11.08,0.60,0.43,43.23,41.96,36.20,LThanda
8350,Dark Brick Red,⇉,167,59,44,7.32,0.58,0.41,40.45,43.57,32.78,LThanda
8351,Rust,⇊,144,42,34,4.36,0.62,0.35,33.35,42.35,29.53,LThanda
8352,Dark Rust,⇋,119,35,30,3.37,0.60,0.29,27.35,36.26,23.88,LThanda
8373,Mid Salmon,⇌,218,117,96,10.33,0.62,0.62,60.31,37.41,29.23,LThanda
8374,Dark Salmon,⇍,184,80,68,6.21,0.46,0.49,47.42,41.24,27.82,LThanda
8375,Siena,⇎,177,67,56,5.45,0.52,0.46,43.72,44.14,30.05,LThanda
8376,Dark Siena,⇏,162,53,52,0.55,0.51,0.42,38.68,44.86,25.72,LThanda
8377,Light Burgundy,⇐,133,39,46,355.53,0.55,0.34,30.96,40.44,18.66,LThanda
8002,White,⇑,222,218,208,42.86,0.18,0.84,87.11,-0.37,5.39,LThanda
8003,Ecru,⇒,235,200,174,25.57,0.60,0.80,82.93,8.51,17.59,LThanda
8291,Ivory,⇓,174,167,156,36.67,0.10,0.65,68.78,0.56,6.57,LThanda
8295,Steam Cloud,⇔,180,170,145,42.86,0.19,0.64,69.82,-0.59,14.19,LThanda
8299,Bone,⇕,196,171,143,31.70,0.31,0.66,71.45,4.76,17.76,LThanda
8301,Sand,⇖,168,127,103,22.15,0.27,0.53,56.57,12.55,19.19,LThanda
8382,Porcelain Pink,⇗,211,157,144,11.64,0.43,0.70,69.45,18.33,14.66,LThanda
8383,Light Mole Pink,⇘,214,156,142,11.67,0.47,0.70,69.49,19.77,15.86,LThanda
8394,Magnolia,⇙,223,191,171,23.08,0.45,0.77,79.55,8.34,14.30,LThanda
8395,Pampas,⇚,211,179,160,22.35,0.37,0.73,75.22,8.63,13.98,LThanda
8396,Light Latte,⇛,191,157,144,16.60,0.27,0.66,67.43,10.59,11.52,LThanda
8406,Baby Blossom,⇜,211,173,156,18.55,0.38,0.72,73.63,11.29,13.93,LThanda
8411,Frost,⇝,200,198,198,0.00,0.02,0.78,80.04,0.70,0.24,LThanda
8412,Alabaster,⇞,207,192,151,43.93,0.37,0.70,77.99,-1.06,22.61,LThanda
8413,Light Stone,⇟,184,167,148,31.67,0.20,0.65,69.45,3.03,12.06,LThanda
8414,Mid Stone,⇠,153,141,128,31.20,0.11,0.55,59.32,2.20,8.54,LThanda
8419,Ash,⇡,150,145,134,41.25,0.07,0.56,60.30,-0.16,6.49,LThanda
8423,Frosty Pink,⇢,204,175,158,22.17,0.31,0.71,73.52,7.83,12.59,LThanda
8424,Light Clay,⇣,174,141,121,22.64,0.25,0.58,61.16,9.48,15.38,LThanda
8428,Snow Drift,⇤,200,175,161,21.54,0.26,0.71,73.23,6.77,10.48,LThanda
8429,Twig,⇥,163,128,116,15.32,0.20,0.55,56.57,11.67,11.66,LThanda
8434,Arctic Grey,⇦,160,160,150,60.00,0.05,0.61,65.61,-1.85,5.20,LThanda
8435,Cement,⇧,131,121,118,13.85,0.05,0.49,51.62,3.27,3.02,LThanda
8440,Pale Dove,⇨,164,163,159,48.00,0.03,0.63,66.97,-0.39,2.19,LThanda
8441,Dove,⇩,133,133,139,240.00,0.03,0.53,55.71,1.21,-3.22,LThanda
8300,Cream,➘,205,170,115,36.67,0.47,0.63,71.53,5.49,33.09,LThanda
8305,Straw,➙,225,140,55,30.00,0.74,0.55,65.78,25.66,56.50,LThanda
8306,Cadmium,➚,191,116,46,28.97,0.61,0.46,55.85,23.88,49.13,LThanda
8313,Sahara,➛,213,158,87,33.81,0.60,0.59,68.96,12.77,44.54,LThanda
8314,Canary,➜,201,146,64,35.91,0.56,0.52,64.44,12.65,50.21,LThanda
8315,Harvest Gold,➝,202,143,58,35.42,0.58,0.51,63.76,14.40,52.26,LThanda
8316,Sunflower,➞,176,108,34,31.27,0.68,0.41,51.92,21.32,49.81,LThanda
8317,Citrus,➟,204,183,66,50.87,0.58,0.53,74.25,-5.72,59.75,LThanda
8318,Dark Citrus,➠,226,188,12,49.35,0.90,0.47,77.38,-0.45,77.89,LThanda
8319,Wattle,➡,235,191,14,48.05,0.89,0.49,79.02,1.92,79.25,LThanda
8320,Dark Wattle,➢,227,173,7,45.27,0.94,0.46,73.70,7.81,75.83,LThanda
8321,Primrose Yellow,➣,224,187,113,40.00,0.64,0.66,77.63,4.04,42.21,LThanda
8322,Dark Primrose,➤,234,192,90,42.50,0.77,0.64,79.57,3.76,55.86,LThanda
8323,Lemon Cadmium,➥,227,180,21,46.31,0.83,0.49,75.47,4.28,75.23,LThanda
8324,Sunshine,➧,235,165,20,40.47,0.84,0.50,72.64,15.65,73.66,LThanda
8325,Marigold,➨,247,162,36,35.83,0.93,0.55,73.38,22.63,71.11,LThanda
8326,Baby Yellow,➩,236,186,111,36.00,0.77,0.68,78.52,9.30,44.58,LThanda
8327,Lemon Yellow,➪,237,184,97,37.29,0.80,0.65,77.96,9.67,50.81,LThanda
8328,Daffodil,➫,231,167,35,40.41,0.80,0.52,72.73,13.17,70.10,LThanda
8329,Chrome,➬,239,144,40,31.36,0.86,0.55,68.35,28.85,65.29,LThanda
8360,Parchment,➭,228,194,139,37.08,0.62,0.72,80.15,4.61,32.15,LThanda
8361,Light Skin Tone,➮,238,176,119,28.74,0.78,0.70,76.41,16.08,37.92,LThanda
