A1,A1,!,249,240,205,47.73,0.79,0.89,94.68,-2.55,18.02,Asher
A10,A10,#,255,157,85,25.41,1.00,0.67,73.56,30.44,52.09,Asher
A11,A11,$,255,221,153,40.00,1.00,0.80,89.52,2.74,37.71,Asher
A12,A12,%,252,181,143,20.92,0.95,0.77,79.46,21.30,29.57,Asher
A13,A13,',255,187,89,35.42,1.00,0.67,80.47,15.02,57.91,Asher
A14,A14,(,255,109,64,14.14,1.00,0.63,63.81,53.15,51.70,Asher
A15,A15,),253,255,68,60.64,1.00,0.63,97.15,-21.00,82.73,Asher
A16,A16,*,254,249,174,56.25,0.98,0.84,96.77,-9.34,36.67,Asher
A17,A17,+,255,227,110,48.41,1.00,0.72,90.47,-4.14,59.64,Asher
A18,A18,-,254,207,152,32.35,0.98,0.80,85.99,9.45,33.57,Asher
A19,A19,.,253,123,114,3.88,0.97,0.72,66.72,48.76,28.46,Asher
A2,A2,/,251,251,212,60.00,0.83,0.91,97.74,-6.33,18.73,Asher
A20,A20,0,239,205,103,45.00,0.81,0.67,83.44,0.01,54.38,Asher
A21,A21,1,255,227,149,44.15,1.00,0.79,90.95,-0.73,41.57,Asher
A22,A22,2,255,243,164,52.09,1.00,0.82,95.18,-7.15,39.58,Asher
A23,A23,3,243,213,191,25.38,0.68,0.85,87.20,7.07,14.70,Asher
A24,A24,4,251,248,201,56.40,0.86,0.89,96.76,-6.43,22.99,Asher
A25,A25,5,255,214,125,41.08,1.00,0.75,87.40,3.64,48.96,Asher
A26,A26,6,255,187,39,41.11,1.00,0.58,80.15,12.99,76.20,Asher
A3,A3,7,250,252,159,61.29,0.94,0.81,97.00,-14.03,44.33,Asher
A4,A4,8,255,233,83,52.33,1.00,0.66,91.76,-8.81,72.36,Asher
A5,A5,9,244,215,56,50.74,0.90,0.59,86.07,-5.56,75.99,Asher
A6,A6,:,253,173,73,33.33,0.98,0.64,76.83,20.66,61.04,Asher
A7,A7,;,255,124,47,22.21,1.00,0.59,66.43,45.52,61.87,Asher
A8,A8,=,234,202,73,48.07,0.79,0.60,81.95,-2.42,65.68,Asher
A9,A9,?,255,153,90,22.91,1.00,0.68,72.75,32.80,48.71,Asher
B1,B1,@,230,238,50,62.55,0.85,0.56,90.87,-22.91,81.54,Asher
B10,B10,A,149,211,194,163.55,0.41,0.71,80.11,-23.33,2.08,Asher
B11,B11,B,93,114,42,77.50,0.46,0.31,44.98,-19.57,36.42,Asher
B12,B12,C,21,111,64,148.67,0.68,0.26,41.05,-37.15,19.09,Asher
B13,B13,D,217,247,148,78.18,0.86,0.77,93.19,-25.19,44.34,Asher
B14,B14,E,173,233,69,81.95,0.79,0.59,85.80,-42.16,69.59,Asher
B15,B15,F,46,81,50,126.86,0.28,0.25,31.10,-20.23,14.37,Asher
B16,B16,G,198,237,156,88.89,0.69,0.77,89.38,-26.33,35.20,Asher
B17,B17,H,155,177,58,71.09,0.51,0.46,68.55,-23.98,55.85,Asher
B18,B18,I,230,238,73,62.91,0.83,0.61,90.99,-21.97,74.59,Asher
B19,B19,J,37,184,140,162.04,0.67,0.43,66.95,-47.62,11.91,Asher
B2,B2,K,91,228,25,100.49,0.80,0.50,80.62,-67.77,75.24,Asher
B20,B20,L,194,240,204,133.04,0.61,0.85,90.85,-21.61,12.58,Asher
B21,B21,M,20,106,107,180.69,0.69,0.25,40.44,-23.28,-7.58,Asher
B22,B22,N,11,60,67,187.50,0.72,0.15,22.68,-12.92,-8.90,Asher
B23,B23,O,48,57,33,82.50,0.27,0.18,22.53,-8.83,13.75,Asher
B24,B24,P,238,252,165,69.66,0.94,0.82,96.21,-17.83,40.18,Asher
B25,B25,Q,78,132,109,154.44,0.26,0.41,50.95,-23.56,6.83,Asher
B26,B26,R,140,122,54,47.44,0.44,0.38,51.57,-1.78,39.01,Asher
B27,B27,S,209,220,193,84.44,0.28,0.81,86.30,-8.46,12.01,Asher
B28,B28,T,158,229,185,142.82,0.58,0.76,85.41,-31.13,14.49,Asher
B29,B29,U,197,226,84,72.25,0.71,0.61,85.45,-28.83,64.01,Asher
B3,B3,V,124,238,157,137.37,0.77,0.71,85.94,-49.78,29.45,Asher
B30,B30,W,236,251,208,80.93,0.84,0.90,96.57,-12.19,18.98,Asher
B31,B31,X,196,230,181,101.63,0.49,0.81,87.81,-19.96,20.26,Asher
B32,B32,Y,155,171,90,71.85,0.33,0.51,67.15,-18.26,39.60,Asher
B4,B4,Z,30,249,66,129.86,0.95,0.55,86.22,-80.86,69.62,Asher
B5,B5,[,0,189,53,136.83,1.00,0.37,67.02,-66.29,54.58,Asher
B6,B6,],90,232,186,160.56,0.76,0.63,83.67,-48.96,11.14,Asher
B7,B7,^,3,172,136,167.22,0.97,0.34,62.76,-45.94,8.13,Asher
B8,B8,_,2,157,38,133.94,0.97,0.31,56.35,-58.06,49.23,Asher
B9,B9,`,38,82,58,147.27,0.37,0.24,31.24,-21.65,9.51,Asher
C1,C1,a,232,255,231,117.50,1.00,0.95,97.81,-11.77,8.92,Asher
C10,C10,b,62,188,226,193.90,0.74,0.56,71.20,-21.99,-28.89,Asher
C11,C11,c,3,185,185,180.00,0.97,0.37,68.18,-37.68,-11.09,Asher
C12,C12,d,28,51,77,211.84,0.47,0.21,20.64,0.14,-18.71,Asher
C13,C13,e,205,232,255,207.60,1.00,0.90,90.74,-4.12,-14.09,Asher
C14,C14,f,213,253,255,182.86,1.00,0.92,96.66,-12.32,-5.24,Asher
C15,C15,g,35,196,198,180.74,0.70,0.46,72.17,-37.26,-12.21,Asher
C16,C16,h,23,87,168,213.52,0.76,0.37,37.53,11.67,-48.98,Asher
C17,C17,i,80,211,236,189.62,0.80,0.62,78.67,-27.98,-22.83,Asher
C18,C18,j,28,51,68,205.50,0.42,0.19,20.17,-3.23,-13.37,Asher
C19,C19,k,23,135,162,191.65,0.75,0.36,51.97,-19.58,-22.68,Asher
C2,C2,l,188,249,246,177.05,0.84,0.86,93.92,-19.61,-4.79,Asher
C20,C20,m,0,130,190,198.95,1.00,0.37,51.48,-7.61,-39.59,Asher
C21,C21,n,190,221,255,211.38,1.00,0.87,86.94,-2.86,-19.90,Asher
C22,C22,o,103,180,190,186.90,0.40,0.57,68.93,-21.12,-12.51,Asher
C23,C23,p,194,220,235,201.95,0.51,0.84,86.33,-5.51,-10.24,Asher
C24,C24,q,125,196,255,207.23,1.00,0.75,76.72,-6.37,-35.86,Asher
C25,C25,r,169,229,229,180.00,0.54,0.78,87.06,-18.86,-6.16,Asher
C26,C26,s,47,153,179,191.82,0.58,0.44,58.64,-20.90,-22.14,Asher
C27,C27,t,235,245,252,204.71,0.74,0.95,95.99,-1.99,-4.51,Asher
C28,C28,u,187,207,237,216.00,0.58,0.83,82.54,-0.43,-17.02,Asher
C29,C29,v,75,91,163,229.09,0.37,0.47,40.61,15.27,-40.94,Asher
C3,C3,w,160,226,251,196.48,0.92,0.81,86.42,-14.69,-18.75,Asher
C4,C4,x,66,204,255,196.19,1.00,0.63,77.02,-20.44,-35.54,Asher
C5,C5,y,1,172,235,196.15,0.99,0.46,66.14,-14.54,-41.72,Asher
C6,C6,z,80,169,240,206.62,0.84,0.63,66.80,-4.70,-43.32,Asher
C7,C7,{,1,136,211,201.43,0.99,0.42,54.36,-3.07,-46.96,Asher
C8,C8,|,16,84,192,216.82,0.85,0.41,38.30,22.90,-61.87,Asher
C9,C9,},49,75,202,229.80,0.61,0.49,37.75,35.13,-68.55,Asher
D1,D1,~,174,180,242,234.71,0.72,0.82,74.86,11.47,-31.50,Asher
D10,D10,¡,54,27,80,270.57,0.50,0.21,16.24,25.14,-27.57,Asher
D11,D11,¢,185,186,225,238.50,0.40,0.80,76.60,7.58,-19.57,Asher
D12,D12,£,222,154,212,308.82,0.51,0.74,71.82,34.45,-19.40,Asher
D13,D13,¤,185,2,149,311.80,0.98,0.37,42.04,72.10,-29.36,Asher
D14,D14,¥,139,39,155,291.72,0.60,0.38,36.57,56.72,-42.19,Asher
D15,D15,¦,47,31,144,248.50,0.65,0.34,22.30,41.44,-59.20,Asher
D16,D16,§,226,225,238,244.62,0.28,0.91,89.95,2.72,-6.21,Asher
D17,D17,¨,196,212,246,220.80,0.74,0.87,84.73,1.64,-18.45,Asher
D18,D18,©,164,94,199,280.00,0.48,0.57,51.86,46.49,-43.56,Asher
D19,D19,ª,216,195,215,302.86,0.21,0.81,81.04,10.90,-7.28,Asher
D2,D2,«,133,142,221,233.86,0.56,0.69,61.27,16.22,-41.35,Asher
D20,D20,¬,156,50,178,289.69,0.56,0.45,42.10,60.64,-46.95,Asher
D21,D21,®,154,0,155,299.61,1.00,0.30,36.44,67.58,-42.26,Asher
D22,D22,¯,51,57,149,236.33,0.49,0.39,28.90,27.87,-51.44,Asher
D23,D23,°,234,218,252,268.24,0.85,0.92,89.24,11.65,-14.55,Asher
D24,D24,±,119,134,229,231.82,0.68,0.68,58.63,19.79,-50.03,Asher
D25,D25,²,72,79,199,236.69,0.53,0.53,39.74,34.54,-63.51,Asher
D26,D26,³,233,195,246,284.71,0.74,0.86,83.45,22.36,-20.10,Asher
D3,D3,´,48,84,175,222.99,0.57,0.44,37.96,19.14,-52.40,Asher
D4,D4,µ,24,42,132,230.00,0.69,0.31,22.00,28.05,-52.24,Asher
D5,D5,¶,184,67,197,294.00,0.53,0.52,49.78,63.76,-45.54,Asher
D6,D6,·,172,123,222,269.70,0.60,0.68,60.08,38.08,-43.55,Asher
D7,D7,¸,110,57,154,272.78,0.46,0.41,35.15,41.85,-44.09,Asher
D8,D8,¹,226,211,255,260.45,1.00,0.91,86.99,13.38,-19.58,Asher
D9,D9,º,213,185,248,266.67,0.82,0.85,79.40,21.81,-27.49,Asher
E1,E1,»,253,211,204,8.57,0.92,0.90,87.89,13.63,8.96,Asher
E10,E10,¿,211,56,147,324.77,0.64,0.52,50.43,66.99,-14.82,Asher
E11,E11,×,252,221,210,15.71,0.88,0.91,90.35,8.98,9.32,Asher
E12,E12,÷,255,161,197,337.02,1.00,0.82,76.55,39.48,-3.72,Asher
E13,E13,À,182,0,109,324.07,1.00,0.36,39.66,67.31,-8.32,Asher
E14,E14,Á,255,209,186,20.00,1.00,0.86,87.20,12.88,17.49,Asher
E15,E15,Â,242,207,208,358.29,0.57,0.88,86.03,12.41,4.05,Asher
E16,E16,Ã,255,236,222,25.45,1.00,0.94,94.54,4.18,9.09,Asher
E17,E17,Ä,255,226,234,343.45,1.00,0.94,92.40,11.25,-0.25,Asher
E18,E18,Å,255,201,214,345.56,1.00,0.89,85.95,21.08,0.89,Asher
E19,E19,Æ,255,210,231,332.00,1.00,0.91,88.51,19.08,-4.38,Asher
E2,E2,Ç,254,205,223,337.96,0.96,0.90,87.03,20.05,-2.33,Asher
E20,E20,È,216,199,209,324.71,0.18,0.81,81.86,7.68,-2.84,Asher
E21,E21,É,189,157,161,352.50,0.20,0.68,67.65,12.47,2.35,Asher
E22,E22,Ê,204,120,167,326.43,0.45,0.64,60.83,39.07,-10.93,Asher
E23,E23,Ë,147,122,141,314.40,0.10,0.53,54.07,13.10,-6.67,Asher
E24,E24,Ì,246,228,249,291.43,0.64,0.94,92.54,9.78,-7.96,Asher
E3,E3,Í,255,151,195,334.62,1.00,0.80,74.40,44.33,-5.78,Asher
E4,E4,Î,232,100,158,333.64,0.74,0.65,60.55,56.85,-5.77,Asher
E5,E5,Ï,245,81,162,330.37,0.89,0.64,59.80,68.98,-8.98,Asher
E6,E6,Ð,255,52,107,343.74,1.00,0.60,56.86,76.01,19.39,Asher
E7,E7,Ñ,198,53,120,332.28,0.58,0.49,46.85,61.58,-4.11,Asher
E8,E8,Ò,255,219,233,336.67,1.00,0.93,90.69,14.71,-2.22,Asher
E9,E9,Ó,233,112,204,314.38,0.73,0.68,64.38,57.96,-26.20,Asher
F1,F1,Ô,253,149,123,12.00,0.97,0.74,72.10,36.49,30.57,Asher
F10,F10,Õ,167,77,34,19.40,0.66,0.39,43.71,34.36,41.55,Asher
F11,F11,Ö,111,32,31,0.75,0.56,0.28,25.29,34.73,20.43,Asher
F12,F12,Ø,253,77,106,350.11,0.98,0.65,59.19,67.80,23.05,Asher
F13,F13,Ù,221,66,47,6.55,0.72,0.53,51.24,59.03,45.54,Asher
F14,F14,Ú,255,169,173,357.21,1.00,0.83,77.67,32.13,11.02,Asher
F15,F15,Û,200,0,32,350.40,1.00,0.39,41.82,67.16,42.94,Asher
F16,F16,Ü,255,217,200,18.55,1.00,0.89,89.42,10.66,13.27,Asher
F17,F17,Ý,247,155,113,18.81,0.89,0.71,72.50,30.23,36.31,Asher
F18,F18,Þ,211,124,70,22.98,0.62,0.55,60.52,29.15,43.29,Asher
F19,F19,ß,193,68,74,357.12,0.50,0.51,46.93,50.37,23.95,Asher
F2,F2,à,252,61,69,357.49,0.97,0.61,56.55,70.80,41.00,Asher
F20,F20,á,205,147,145,2.00,0.38,0.69,66.44,21.60,9.76,Asher
F21,F21,â,244,177,180,357.31,0.75,0.83,78.45,24.83,8.16,Asher
F22,F22,ã,255,208,203,5.77,1.00,0.90,87.33,15.77,8.71,Asher
F23,F23,ä,245,126,102,10.07,0.88,0.68,65.98,43.48,33.90,Asher
F24,F24,å,252,193,196,356.95,0.91,0.87,83.35,21.54,6.68,Asher
F25,F25,æ,229,75,79,358.44,0.75,0.60,54.30,59.57,31.62,Asher
F3,F3,ç,247,73,65,2.64,0.92,0.61,57.00,65.26,43.46,Asher
F4,F4,è,252,40,60,354.34,0.97,0.57,54.59,75.70,43.84,Asher
F5,F5,é,216,1,39,349.40,0.99,0.43,45.31,71.14,43.63,Asher
F6,F6,ê,176,68,61,3.65,0.49,0.46,43.80,43.61,27.16,Asher
F7,F7,ë,151,25,55,345.71,0.72,0.35,33.03,51.46,16.19,Asher
F8,F8,ì,188,1,39,347.81,0.99,0.37,39.34,64.28,35.67,Asher
F9,F9,í,226,103,122,350.73,0.68,0.65,59.23,49.58,13.09,Asher
G1,G1,î,255,226,206,24.49,1.00,0.90,91.73,6.88,13.41,Asher
G10,G10,ï,200,129,53,31.02,0.58,0.50,60.10,20.94,50.65,Asher
G11,G11,ð,224,197,147,38.96,0.55,0.73,80.68,2.39,28.61,Asher
G12,G12,ñ,235,187,131,32.31,0.72,0.72,78.95,10.22,34.88,Asher
G13,G13,ò,183,113,74,21.47,0.43,0.50,54.42,23.81,33.05,Asher
G14,G14,ó,141,97,76,19.38,0.30,0.43,45.27,15.20,19.14,Asher
G15,G15,ô,252,249,224,53.57,0.82,0.93,97.56,-3.14,12.35,Asher
G16,G16,õ,242,217,186,33.21,0.68,0.84,87.99,3.92,18.43,Asher
G17,G17,ö,86,64,60,9.23,0.18,0.29,29.34,8.90,6.15,Asher
G18,G18,ø,255,228,204,28.24,1.00,0.90,92.18,5.57,15.08,Asher
G19,G19,ù,225,148,58,32.34,0.74,0.55,67.65,21.52,57.08,Asher
G2,G2,ú,255,202,170,22.59,1.00,0.83,85.20,14.49,23.14,Asher
G20,G20,û,169,64,35,12.99,0.66,0.40,41.57,41.62,39.02,Asher
G21,G21,ü,203,142,119,16.43,0.45,0.63,64.46,20.32,21.53,Asher
G3,G3,ý,244,195,165,22.78,0.78,0.80,82.37,13.36,21.72,Asher
G4,G4,þ,225,179,131,30.64,0.61,0.70,76.00,10.46,30.83,Asher
G5,G5,ÿ,237,148,53,30.98,0.84,0.57,69.07,26.33,61.03,Asher
G6,G6,Œ,245,151,52,30.78,0.91,0.58,70.73,28.02,63.34,Asher
G7,G7,œ,157,91,62,18.32,0.43,0.43,45.63,24.19,28.19,Asher
G8,G8,Š,89,42,33,9.64,0.46,0.24,23.30,20.67,15.76,Asher
G9,G9,š,230,180,131,29.70,0.66,0.71,76.74,11.93,31.90,Asher
H1,H1,Ÿ,226,226,226,0.00,0.00,0.89,89.88,0.00,-0.01,Asher
H10,H10,ƒ,238,233,234,348.00,0.13,0.92,92.75,1.86,0.10,Asher
H11,H11,Α,206,205,213,247.50,0.09,0.82,82.69,1.83,-3.85,Asher
H12,H12,Β,255,245,237,26.67,1.00,0.96,97.10,2.00,5.03,Asher
H13,H13,Γ,243,225,201,34.29,0.64,0.87,90.38,2.34,13.96,Asher
H14,H14,Δ,207,215,211,150.00,0.09,0.83,85.29,-3.44,1.02,Asher
H15,H15,Ε,152,166,168,187.50,0.08,0.63,67.11,-4.50,-2.73,Asher
H16,H16,Ζ,59,47,35,30.00,0.26,0.18,20.38,3.35,9.77,Asher
H17,H17,Η,241,237,237,0.00,0.12,0.94,94.05,1.34,0.46,Asher
H18,H18,Θ,255,253,240,52.00,1.00,0.97,99.14,-1.54,6.44,Asher
H19,H19,Ι,246,239,226,39.00,0.53,0.93,94.66,0.16,7.11,Asher
H2,H2,Κ,255,255,255,0.00,0.00,1.00,100.00,0.01,-0.01,Asher
H20,H20,Λ,148,159,163,196.00,0.08,0.61,64.75,-3.08,-3.43,Asher
H21,H21,Μ,247,243,228,47.37,0.54,0.93,95.78,-1.20,7.69,Asher
H22,H22,Ν,202,202,213,240.00,0.12,0.81,81.62,2.07,-5.47,Asher
H23,H23,Ξ,154,157,148,80.00,0.04,0.60,64.26,-2.78,4.32,Asher
H3,H3,Ο,179,179,179,0.00,0.00,0.70,72.94,0.00,-0.01,Asher
H4,H4,Π,134,134,134,0.00,0.00,0.53,55.93,0.00,-0.01,Asher
H5,H5,Ρ,71,71,71,0.00,0.00,0.28,30.16,0.00,-0.00,Asher
H6,H6,Σ,44,44,44,0.00,0.00,0.17,18.00,0.00,-0.00,Asher
H7,H7,Τ,0,0,0,0.00,0.00,0.00,-16.00,0.00,0.00,Asher
H8,H8,Υ,231,214,219,342.35,0.26,0.87,87.09,6.71,-0.35,Asher
H9,H9,Φ,228,231,227,105.00,0.08,0.90,91.32,-1.71,1.58,Asher
M1,M1,Χ,188,198,184,102.86,0.11,0.75,78.78,-6.01,5.82,Asher
M10,M10,Ψ,197,177,188,327.00,0.15,0.73,74.15,9.09,-2.99,Asher
M11,M11,Ω,159,116,148,315.35,0.18,0.54,54.03,22.27,-10.69,Asher
M12,M12,α,100,71,73,355.86,0.17,0.34,33.34,12.75,3.72,Asher
M13,M13,β,209,144,102,23.55,0.54,0.61,65.33,19.93,32.14,Asher
M14,M14,γ,199,115,97,10.59,0.48,0.58,57.33,31.16,24.29,Asher
M15,M15,δ,117,125,123,165.00,0.03,0.47,51.70,-3.38,0.06,Asher
M2,M2,ε,138,163,133,110.00,0.14,0.58,64.40,-14.59,12.73,Asher
M3,M3,ζ,105,125,128,187.83,0.10,0.46,50.95,-6.58,-4.08,Asher
M4,M4,η,218,206,190,34.29,0.27,0.80,83.32,1.48,9.44,Asher
M5,M5,θ,208,204,170,53.68,0.29,0.74,81.56,-4.23,17.47,Asher
M6,M6,ι,176,167,130,48.26,0.23,0.60,68.37,-2.74,20.35,Asher
M7,M7,κ,180,164,151,26.90,0.16,0.65,68.38,3.61,8.84,Asher
M8,M8,λ,179,130,129,1.20,0.25,0.60,59.10,18.75,8.00,Asher
M9,M9,μ,165,135,103,30.97,0.26,0.53,58.33,6.80,21.51,Asher
P1,P1,ν,252,248,249,345.00,0.40,0.98,97.90,1.51,-0.02,Asher
P10,P10,ξ,213,200,233,263.64,0.43,0.85,82.56,10.67,-14.67,Asher
P11,P11,ο,243,236,200,50.23,0.64,0.87,93.11,-3.42,18.32,Asher
P12,P12,π,230,238,241,196.36,0.28,0.92,93.59,-2.09,-2.38,Asher
P13,P13,ρ,169,203,241,211.67,0.72,0.80,80.46,-2.69,-22.42,Asher
P14,P14,ς,49,119,176,206.93,0.56,0.44,48.24,-2.54,-36.58,Asher
P15,P15,σ,102,133,117,149.03,0.13,0.46,52.82,-14.51,5.04,Asher
P16,P16,τ,255,190,70,38.92,1.00,0.64,81.03,12.48,66.62,Asher
P17,P17,υ,255,163,36,34.79,1.00,0.57,74.56,25.44,72.47,Asher
P18,P18,φ,254,184,159,15.79,0.98,0.81,80.66,22.23,22.72,Asher
P19,P19,χ,255,224,232,344.52,1.00,0.94,91.86,11.95,0.02,Asher
P2,P2,ψ,189,169,171,354.00,0.13,0.70,70.96,7.57,1.61,Asher
P20,P20,ω,254,190,207,344.06,0.97,0.87,83.13,25.44,0.49,Asher
P21,P21,ϑ,236,190,192,357.39,0.55,0.84,81.00,16.75,5.24,Asher
P22,P22,ϒ,228,168,158,8.57,0.56,0.76,74.17,20.72,13.84,Asher
P23,P23,ϖ,165,98,105,353.73,0.27,0.52,49.20,27.98,7.74,Asher
P3,P3,–,174,221,169,114.23,0.43,0.76,83.74,-25.04,20.67,Asher
P4,P4,—,253,164,158,3.79,0.96,0.81,76.01,32.22,16.82,Asher
P5,P5,‘,236,141,61,27.43,0.82,0.58,67.44,29.92,56.01,Asher
P6,P6,’,96,207,168,158.92,0.54,0.59,76.03,-41.04,9.83,Asher
P7,P7,‚,235,146,113,16.23,0.75,0.68,69.05,30.25,31.59,Asher
P8,P8,“,240,217,88,50.92,0.84,0.64,86.43,-6.70,64.40,Asher
P9,P9,”,217,217,217,0.00,0.00,0.85,86.70,0.00,-0.01,Asher
Q1,Q1,„,242,165,232,307.79,0.75,0.80,77.05,38.62,-22.20,Asher
Q2,Q2,†,115,178,158,160.95,0.29,0.57,67.99,-24.78,3.82,Asher
Q3,Q3,‡,255,255,0,60.00,1.00,0.50,97.14,-21.56,94.48,Asher
Q4,Q4,•,255,235,250,315.00,1.00,0.96,94.98,9.32,-4.79,Asher
Q5,Q5,…,79,94,91,168.00,0.09,0.34,38.59,-6.44,-0.22,Asher
R1,R1,‰,213,14,33,354.27,0.88,0.45,45.04,69.08,46.33,Asher
R10,R10,‱,255,219,77,47.87,1.00,0.65,88.19,-2.09,71.05,Asher
R11,R11,※,255,235,250,315.00,1.00,0.96,94.98,9.32,-4.79,Asher
R12,R12,‼,216,213,206,42.00,0.11,0.83,85.32,-0.20,3.81,Asher
R13,R13,‽,85,81,76,33.33,0.06,0.32,34.68,0.63,3.52,Asher
R14,R14,‾,158,228,223,175.71,0.56,0.76,86.05,-22.79,-4.56,Asher
R15,R15,⁁,119,206,233,194.21,0.72,0.69,78.43,-19.11,-21.46,Asher
R16,R16,⁂,61,207,202,177.95,0.60,0.53,76.00,-38.50,-8.63,Asher
R17,R17,⁇,74,134,122,168.00,0.29,0.41,51.74,-22.60,0.37,Asher
R18,R18,⁈,127,205,157,143.08,0.44,0.65,76.44,-34.46,16.46,Asher
R19,R19,⁉,205,229,93,70.59,0.72,0.63,86.90,-26.46,62.01,Asher
R2,R2,⁑,249,46,131,334.88,0.94,0.58,55.82,77.64,3.47,Asher
R20,R20,€,232,199,180,21.92,0.53,0.81,82.54,8.76,13.82,Asher
R21,R21,™,173,111,60,27.08,0.48,0.46,52.49,19.66,37.97,Asher
R22,R22,∀,108,55,47,7.87,0.39,0.30,29.73,22.60,15.57,Asher
R23,R23,❝,254,184,114,30.00,0.99,0.72,79.94,17.89,45.23,Asher
R24,R24,❞,242,193,192,1.20,0.66,0.85,82.28,17.34,7.17,Asher
R25,R25,∂,201,103,93,5.56,0.50,0.58,54.98,37.91,23.52,Asher
R26,R26,∃,210,147,190,319.05,0.41,0.70,68.23,30.37,-12.75,Asher
R27,R27,∅,234,140,177,336.38,0.69,0.73,69.06,40.33,-3.97,Asher
R28,R28,∇,156,135,214,255.95,0.49,0.68,61.00,24.80,-37.73,Asher
R3,R3,∈,253,130,37,25.83,0.98,0.57,67.26,41.55,66.14,Asher
R4,R4,∉,248,236,49,56.38,0.93,0.58,91.76,-14.55,83.13,Asher
R5,R5,∋,52,199,91,135.92,0.59,0.49,71.10,-60.60,42.86,Asher
R6,R6,∏,37,184,145,164.08,0.67,0.43,67.07,-46.40,9.33,Asher
R7,R7,∑,23,119,157,197.01,0.74,0.35,46.72,-12.51,-27.89,Asher
R8,R8,−,27,96,195,215.36,0.76,0.44,42.06,16.82,-57.51,Asher
R9,R9,∓,154,86,180,283.40,0.39,0.52,48.03,43.89,-38.70,Asher
T1,T1,∔,226,223,215,43.64,0.16,0.86,88.85,-0.38,4.26,Asher
Y1,Y1,∕,253,111,180,330.85,0.97,0.71,66.17,61.02,-9.66,Asher
Y2,Y2,∖,254,180,129,24.48,0.98,0.75,79.21,21.26,36.65,Asher
Y3,Y3,∗,215,250,160,83.33,0.90,0.80,94.04,-25.89,39.52,Asher
Y4,Y4,√,139,219,250,196.76,0.92,0.76,83.47,-16.60,-22.78,Asher
Y5,Y5,∛,233,135,234,299.39,0.70,0.72,69.89,51.73,-34.37,Asher
ZG1,ZG1,∜,218,171,179,349.79,0.39,0.76,74.37,18.39,2.49,Asher
ZG2,ZG2,∝,214,170,135,26.58,0.49,0.68,72.76,11.35,24.17,Asher
ZG3,ZG3,∞,193,189,141,55.38,0.30,0.65,75.86,-6.25,24.83,Asher
ZG4,ZG4,∠,150,134,159,278.40,0.12,0.57,58.07,10.86,-11.08,Asher
ZG5,ZG5,∧,132,144,166,218.82,0.16,0.58,59.53,0.55,-13.03,Asher
ZG6,ZG6,∩,148,191,226,206.92,0.57,0.73,75.48,-5.86,-22.04,Asher
ZG7,ZG7,∪,226,169,210,316.84,0.50,0.77,75.57,27.39,-12.61,Asher
ZG8,ZG8,∫,171,145,192,273.19,0.27,0.66,63.93,18.69,-20.76,Asher
